1,Aaron,Erin
2,Aaron,Ron
3,Aaron,Ronnie
4,Abel,Ab
5,Abel,Abe
6,Abel,Eb
7,Abel,Ebbie
8,Abiel,Ab
9,Abigail,Abby
10,Abigail,Gail
11,Abigail,Nabby
12,Abner,Ab
13,Abraham,Ab
14,Abraham,Abe
15,Abram,Ab
16,Ad,Adrian
17,Ad,Adriana
18,Ada,Addy
19,Adaline,Ada
20,Adaline,Addy
21,Adaline,Delia
22,Adaline,Dell
23,Adaline,Lena
24,Addy,Adele
25,Adelaide,Addy
26,Adelaide,Adele
27,Adelaide,Dell
28,Adelaide,Della
29,Adelaide,Heidi
30,Adele,Dell
31,Adeline,Ada
32,Adeline,Addy
33,Adeline,Delia
34,Adeline,Dell
35,Adeline,Lena
36,Adelphia,Addy
37,Adelphia,Adele
38,Adelphia,Dell
39,Adelphia,Delphia
40,Adelphia,Philly
41,Adria,Adrian
42,Adrian,Adria
43,Adriana,Ad
44,Agatha,Aggy
45,Agnes,Aggy
46,Agnes,Inez
47,Agnes,Nessa
48,Aileen,Allie
49,Aileen,Lena
50,Al,Albert
51,Al,Alberto
52,Al,Alex
53,Al,Bert
54,Alan,Al
55,Alan,Allan
56,Albert,Al
57,Albert,Albie
58,Albert,Bert
59,Alberta,Allie
60,Alberta,Bert
61,Alberta,Bertie
62,Alberto,Al
63,Alberto,Albert
64,Aldo,Al
65,Aldrich,Rich
66,Aldrich,Riche
67,Alex,Alix
68,Alexander,Al
69,Alexander,Alex
70,Alexander,Sandy
71,Alexandra,Alex
72,Alexandra,Alla
73,Alexandra,Sandra
74,Alexandra,Sandy
75,Alfonse,Al
76,Alfred,Al
77,Alfred,Fred
78,Alfred,Freddy
79,Alfreda,Alfy
80,Alfreda,Freda
81,Alfreda,Freddy
82,Alfreda,Frieda
83,Alice,Allie
84,Alice,Elsie
85,Alice,Lisa
86,Alicia,Allie
87,Alicia,Elsie
88,Alicia,Lisa
89,Alison,Ali
90,Alison,Allie
91,Alison,Allison
92,Alix,Alex
93,Alix,Alexandra
94,Allan,Al
95,Allan,Alan
96,Allan,Allen
97,Allen,Al
98,Allen,Allan
99,Allisandra,Allie
100,Allison,Ali
101,Allison,Alison
102,Allison,Allie
103,Almena,Allie
104,Almena,Mena
105,Alonzo,Al
106,Alonzo,Lon
107,Alonzo,Lonzo
108,Alvino,Al
109,Aly,Alysha
110,Alysha,Aly
111,Ama,Amanda
112,Amanda,Ama
113,Amanda,Manda
114,Amanda,Mandy
115,Amelia,Amy
116,Amelia,Emily
117,Amelia,Mel
118,Amelia,Millie
119,Anderson,Andy
120,Andre,Andrea
121,Andrea,Andre
122,Andrew,Andy
123,Andrew,Drew
124,Andy,Drew
125,Ann,Annie
126,Ann,Nan
127,Ann,Nana
128,Ann,Nancy
129,Ann,Nanny
130,Anna,Anne
131,Annalee,Ann
132,Annalee,Anne
133,Annalee,Annie
134,Anne,Ann
135,Anne,Anna
136,Anne,Annie
137,Anne,Nan
138,Anne,Nana
139,Anne,Nancy
140,Anne,Nanny
141,Annette,Ann
142,Annette,Annie
143,Anni,Anne
144,Anni,Annie
145,Annie,Ann
146,Annie,Annette
147,Annie,Anni
148,Anthony,Tony
149,Antoinette,Ann
150,Antoinette,Netta
151,Antoinette,Tony
152,Antonia,Ann
153,Antonia,Netta
154,Antonia,Tony
155,Ara,Arry
156,Ara,Belle
157,Arabella,Ara
158,Arabella,Arry
159,Arabella,Bella
160,Arabella,Belle
161,Arabelle,Ara
162,Arabelle,Arry
163,Arabelle,Bella
164,Arabelle,Belle
165,Archibald,Archie
166,Arlene,Arlenee
167,Arlene,Arly
168,Arlene,Lena
169,Arlenee,Arlene
170,Armena,Arry
171,Armena,Mena
172,Arnie,Arnold
173,Arnold,Arnie
174,Arrthur,Arthur
175,Art,Arthur
176,Arthur,Arrthur
177,Arthur,Art
178,Asahel,Asa
179,Asaph,Asa
180,Asenath,Assene
181,Asenath,Natty
182,Asenath,Sene
183,August,Gus
184,Augusta,Aggy
185,Augusta,Gatsy
186,Augusta,Gussie
187,Augusta,Tina
188,Augustina,Aggy
189,Augustina,Gatsy
190,Augustina,Gussie
191,Augustina,Tina
192,Augustine,August
193,Augustine,Austin
194,Augustine,Gus
195,Augustus,August
196,Augustus,Austin
197,Augustus,Gus
198,Azariah,Aze
199,Azariah,Riah
200,Bab,Barby
201,Babs,Bab
202,Babs,Barby
203,Barb,Babs
204,Barb,Barbara
205,Barb,Barbra
206,Barbara,Bab
207,Barbara,Babs
208,Barbara,Barb
209,Barbara,Barbara Ann
210,Barbara,Barbra
211,Barbara,Barby
212,Barbara,Bobbie
213,Barbara Ann,Barbara
214,Barbara Jean,Barb
215,Barbara Jean,Barbara
216,Barbra,Barb
217,Barbra,Barbara
218,Barnabas,Barney
219,Bart,Barton
220,Bartholomew,Bart
221,Bartholomew,Bartel
222,Bartholomew,Bat
223,Bartholomew,Mees
224,Bartholomew,Meus
225,Barton,Bart
226,Beatrice,Bea
227,Beatrice,Trisha
228,Beatrice,Trix
229,Beatrice,Trixie
230,Becca,Beck
231,Beck,Becky
232,Belinda,Belle
233,Belinda,Linda
234,Bella,Belle
235,Ben,Bennie
236,Ben,Benny
237,Benedict,Ben
238,Benedict,Bennie
239,Benedict,Benny
240,Benjamin,Ben
241,Benjamin,Benjy
242,Benjamin,Bennie
243,Benjamin,Benny
244,Benjamin,Jamie
245,Bernard,Barney
246,Bernard,Berney
247,Bernard,Bernie
248,Bernard,Berrnard
249,Berney,Bernie
250,Berrnard,Bernard
251,Bert,Bertie
252,Bert,Bob
253,Bert,Bobby
254,Bert,Gilbert
255,Bert,Hubert
256,Bertha,Bert
257,Bertha,Bertie
258,Bertha,Birdie
259,Bess,Bessie
260,Beth,Betsy
261,Beth,Betty
262,Beth,Elizabeth
263,Bettyann,Bettya
264,Bev,Beverley
265,Bev,Beverly
266,Beverley,Bev
267,Beverley,Beverly
268,Beverly,Bev
269,Beverly,Beverley
270,Biddie,Biddy
271,Bill,Billy
272,Bill,Fred
273,Bill,William
274,Bill,Willie
275,Billie,Billy
276,Billie Jo,Billie
277,Billy,Billie
278,Billy,Fred
279,Bob,Rob
280,Bobby,Bob
281,Bobby,Rob
282,Brad,Bradley
283,Brad,Ford
284,Bradford,Brad
285,Bradford,Ford
286,Bradley,Brad
287,Brady,Brody
288,Brian,Bryan
289,Bridget,Biddie
290,Bridget,Biddy
291,Bridget,Bridgie
292,Bridget,Bridie
293,Brit,Britjit
294,Britjit,Brit
295,Broderick,Brady
296,Broderick,Brody
297,Broderick,Rick
298,Broderick,Ricky
299,Bryan,Brian
300,Bryan,Bryant
301,Bryant,Bryan
302,Calvin,Cal
303,Calvin,Vin
304,Calvin,Vinny
305,Cameron,Cam
306,Cameron,Ron
307,Cameron,Ronny
308,Camille,Cammie
309,Camille,Millie
310,Carissa,Carisss
311,Carisss,Carissa
312,Carol,Carol Anne
313,Carol,Carole
314,Carol,Carolyn
315,Carol,Carrie
316,Carol,Cassie
317,Carol,Lynn
318,Carol Ann,Carol
319,Carol Anne,Carol
320,CarolAnn,Carol
321,CarolAnn,Carole
322,Carole,Carole Anne
323,Carole Anne,Carole
324,Caroline,Carol
325,Caroline,Carole
326,Caroline,Carolyn
327,Caroline,Carolynn
328,Caroline,Carrie
329,Caroline,Cassie
330,Caroline,Lynn
331,Carolyn,Carol
332,Carolyn,Caroline
333,Carolyn,Carolynn
334,Carolyn,Carolynne
335,Carolyn,Carrie
336,Carolyn,Cassie
337,Carolyn,Lynn
338,Carolynne,Caroline
339,Carolynne,Carolyn
340,Carrie,Carrie Lynn
341,Carrie,Cassie
342,Carrie Lynn,Carrie
343,Casey,K.C.
344,Cassandra,Cassie
345,Cassandra,Sandra
346,Cassandra,Sandy
347,Catharine,Catherine
348,Catharine,Cathy
349,Catherine,Cassie
350,Catherine,Catharine
351,Catherine,Cathrine
352,Catherine,Cathy
353,Catherine,Kathy
354,Catherine,Katy
355,Catherine,Kay
356,Catherine,Kit
357,Catherine,Kittie
358,Catherine,Lena
359,Catherine,Trina
360,Cathleen,Cassie
361,Cathleen,Cathy
362,Cathleen,Kathy
363,Cathleen,Katy
364,Cathleen,Kay
365,Cathleen,Kit
366,Cathleen,Kittie
367,Cathleen,Lena
368,Cathleen,Trina
369,Cathrine,Catherine
370,Cathrine,Cathy
371,Cathy,Catharine
372,Cathy,Cathrine
373,Cathy,Kathy
374,Cecilia,Celia
375,Cecilia,Cissy
376,Cedric,Ced
377,Cedric,Rick
378,Cedric,Ricky
379,Chalene,Charlene
380,Charle,Charles
381,Charlene,Chalene
382,Charles,Carl
383,Charles,Charle
384,Charles,Charley
385,Charles,Charlie
386,Charles,Chick
387,Charles,Chuck
388,Charlie,Chuck
389,Charlott,Charlotte
390,Charlotte,Char
391,Charlotte,Charlott
392,Charlotte,Lotta
393,Charlotte,Lottie
394,Charlotte,Sherry
395,Charlottr,Charlotte
396,Chauncey,Chan
397,cher,sher
398,cheryl,sheryl
399,Chester,Chet
400,Chris,Christian
401,Chrissy,Christina
402,Chrissy,Christine
403,Christa,Chris
404,Christian,Chris
405,Christian,Kit
406,Christiana,Ann
407,Christiana,Chris
408,Christiana,Christy
409,Christiana,Crissy
410,Christiana,Kris
411,Christiana,Kristy
412,Christiana,Tina
413,Christie,Chris
414,Christie,Christine
415,Christina,Chris
416,Christina,Chrissy
417,Christina,Christine
418,Christina,Christy
419,Christina,Crissy
420,Christina,Cristina
421,Christina,Kris
422,Christina,Kristy
423,Christina,Tina
424,Christine,Chris
425,Christine,Chrissy
426,Christine,Christie
427,Christine,Christina
428,Christine,Christne
429,Christine,Christy
430,Christine,Crissy
431,Christine,Kris
432,Christine,Kristy
433,Christine,Tina
434,Christopher,Chris
435,Christopher,Kit
436,Christy,Christina
437,Christy,Christine
438,Christy,Crissy
439,Chuck,Charles
440,Cindy,Cynthia
441,Clair,Clara
442,Clair,Clare
443,Clare,Clara
444,Clarence,Clair
445,Clarence,Clare
446,Clarinda,Clara
447,Clarissa,Cissy
448,Clarissa,Clara
449,Clay,Clayton
450,Clayton,Clay
451,Cleatus,Ceatus
452,Clem,Clement
453,Clement,Clem
454,Cleveland,Cleve
455,Cliff,Cliff
456,Clifford,Cliff
457,Clifford,Ford
458,Clifton,Cliff
459,Clifton,Tony
460,Clint,Clinton
461,Clinton,Clint
462,Colette,Collette
463,Collette,Colette
464,Columbus,Clum
465,Con,Conny
466,Connie,Cornelia
467,Conrad,Con
468,Conrad,Conny
469,Constanc,Constance
470,Constance,Connie
471,Constance,Constanc
472,Cordelia,Cordy
473,Cordelia,Delia
474,Cornelia,Connie
475,Cornelia,Cornie
476,Cornelia,Corny
477,Cornelia,Nelia
478,Cornelia,Nelle
479,Cornelia,Nelly
480,Cornelius,Con
481,Cornelius,Conny
482,Cornelius,Corny
483,Cornelius,Niel
484,Courtney,Court
485,Courtney,Curt
486,Cristina,Christina
487,Curtis,Curt
488,Cynthia,Cindy
489,Cynthia,Cintha
490,Cyrenius,Cene
491,Cyrenius,Cy
492,Cyrenius,Renius
493,Cyrenius,Serene
494,Cyrenius,Swene
495,Dal,Dahl
496,Dalton,Dahl
497,Dan,Danny
498,Danie,Danielle
499,Daniel,Dan
500,Daniel,Danny
501,Danielle,Danie
502,Darlene,Darry
503,Darlene,Lena
504,David,Dave
505,David,Davey
506,David,Day
507,Deb,Debbie
508,Deb,Debera
509,Debbie,Deb
510,Debbie,Debby
511,Debbie,Debora
512,Debbie,Deborah
513,Debby,Deb
514,Debera,Deb
515,Debora,Deb
516,Debora,Debbie
517,Debora,Debby
518,Deborah,Deb
519,Deborah,Debbie
520,Deborah,Debby
521,Debra,Deb
522,Debra,Debbie
523,Debra,Deborah
524,Debra,Debra Jean
525,Debra,Debta
526,Debra Jean,Debra
527,Deccker,Decker
528,Decker,Deccker
529,Delbert,Bert
530,Delbert,Del
531,Deliverance,Della
532,Deliverance,Delly
533,Deliverance,Dilly
534,Dell,Della
535,Delores,Dee
536,Delores,Dell
537,Delores,Della
538,Delores,Lola
539,Delores,Lolly
540,Dennis,Denny
541,Dennison,Denny
542,Derrick,Eric
543,Derrick,Rick
544,Derrick,Ricky
545,Dicey,Dicie
546,Dick,Rick
547,Domenic,Dom
548,Domenic,Dominic
549,Dominic,Dom
550,Dominic,Domenic
551,Donald,Don
552,Donald,Donnie
553,Donald,Donny
554,Donald,Dony
555,Donnie,Donny
556,Dorcus,Darkey
557,Doris,Doris Anne
558,Doris Anne,Doris
559,Dorothy,Dolly
560,Dorothy,Dortha
561,Dorothy,Dot
562,Dorothy,Dotty
563,Dot,Dotty
564,Doug,Dougie
565,Doug,Douglas
566,Dougie,Douglas
567,Douglas,Doug
568,Douglas,Dougie
569,Eb,Ebbie
570,Ebenezer,Eb
571,Ebenezer,Ebbie
572,Ebenezer,Eben
573,Ed,Eddie
574,Ed,Eddy
575,Ed,Edmund
576,Ed,Edouard
577,Ed,Edward
578,Eddie,Eddy
579,Edgar,Ed
580,Edgar,Eddie
581,Edgar,Eddy
582,Edie,Edith
583,Edith,Edie
584,Edith,Edye
585,Edmond,Ed
586,Edmond,Eddie
587,Edmond,Eddy
588,Edmund,Ed
589,Edmund,Eddie
590,Edmund,Eddy
591,Edmund,Ned
592,Edmund,Ted
593,Eduardo,Ed
594,Eduardo,Eddie
595,Eduardo,Eddy
596,Edward,Ed
597,Edward,Eddie
598,Edward,Eddy
599,Edward,Ned
600,Edward,Ted
601,Edward,Teddy
602,Edwin,Ed
603,Edwin,Eddie
604,Edwin,Eddy
605,Edwin,Ned
606,Edwin,Win
607,Edyth,Edie
608,Edyth,Edye
609,Edythe,Edie
610,Edythe,Edye
611,Eileen,Eilleen
612,Eilleen,Eileen
613,Elbert,Albert
614,Eleanor,Elaine
615,Eleanor,Eleanore
616,Eleanor,Ellen
617,Eleanor,Ellie
618,Eleanor,Lanna
619,Eleanor,Lenora
620,Eleanor,Nelly
621,Eleanor,Nora
622,Eleanore,Eleanor
623,Eleazer,Lazar
624,Elias,Eli
625,Elias,Lee
626,Elias,Lias
627,Elijah,Eli
628,Elijah,Lige
629,Eliphalet,Left
630,Elisabeth,Elizabeth
631,Elisha,Eli
632,Elisha,Lish
633,Elizabeh,Elizabeth
634,Elizabet,Elizabeth
635,Elizabeth,Bess
636,Elizabeth,Bessie
637,Elizabeth,Beth
638,Elizabeth,Betsy
639,Elizabeth,Betty
640,Elizabeth,Elisa
641,Elizabeth,Elisabeth
642,Elizabeth,Eliza
643,Elizabeth,Elizabet
644,Elizabeth,Lib
645,Elizabeth,Libby
646,Elizabeth,Lisa
647,Elizabeth,Lise
648,Elizabeth,Lissie
649,Elizabeth,Liz
650,Elizabeth,Liza
651,Elizabeth,Lizabeth
652,Elizabeth,Lizzie
653,Ella,Ellen
654,Ellen,Eleanor
655,Ellie,Elly
656,Elliot,Elliott
657,Elliott,Elliot
658,Ellizabeth,Elizabeth
659,Ellswood,Elsey
660,Elmira,Ellie
661,Elmira,Elly
662,Elmira,Mira
663,Elouise,Louise
664,Elsie,Elsey
665,Elswood,Elsey
666,Elwood,Woody
667,Elze,Elsey
668,Em,Emily
669,Emanuel,Manny
670,Emanuel,Manuel
671,Emeline,Em
672,Emeline,Emily
673,Emeline,Emma
674,Emeline,Emmy
675,Emeline,Milly
676,Emily,Em
677,Emily,Emma
678,Emily,Emmy
679,Emily,Mel
680,Emily,Millie
681,Emma,Emmy
682,Epaphroditius,Dite
683,Epaphroditius,Ditus
684,Epaphroditius,Dyce
685,Epaphroditius,Dyche
686,Epaphroditius,Eppa
687,Ephraim,Eph
688,Eric,Rick
689,Eric,Ricky
690,Ernest,Ernie
691,Estella,Essy
692,Estella,Stella
693,Estelle,Essy
694,Estelle,Stella
695,Eugene,Gene
696,Eva,Eve
697,Evaline,Eva
698,Evaline,Eve
699,Evaline,Lena
700,Evelyn,Evelyne
701,Evelyn,Evie
702,Evelyne,Evelyn
703,Evie,Evelyn
704,Evie,Evelyne
705,Ezekiel,Ez
706,Ezekiel,Zeke
707,Ezra,Ez
708,Fabi,Fabiola
709,Fabiola,Fabi
710,Faith,Fay
711,Feltie,Felty
712,Ferdinand,Ferdie
713,Ferdinand,Fred
714,Ferdinand,Freddie
715,Ferdinand,Freddy
716,Fidelia,Delia
717,Florence,Flo
718,Florence,Flora
719,Florence,Flossy
720,Fran,Francene
721,Fran,Francis
722,Fran,Frannie
723,Francene,Fran
724,Frances,Cissy
725,Frances,Fanny
726,Frances,Fran
727,Frances,Francesca
728,Frances,Francie
729,Frances,Frankie
730,Frances,Frannie
731,Frances,Franniey
732,Frances,Sis
733,Francesca,Frances
734,Francine,Fran
735,Francine,Francie
736,Francine,Frannie
737,Francine,Franniey
738,Francis,Fran
739,Francis,Frank
740,Francis,Frankie
741,Frankie,Frank
742,Franklin,Fran
743,Franklin,Frank
744,Franklind,Frank
745,Fred,Freddy
746,Fred,Frederic
747,Fred,Frederick
748,Fred,Frederico
749,Fred,Fredric
750,Fred,Fredrick
751,Freda,Frieda
752,Freddy,Frederick
753,Frederic,Fredric
754,Frederick,Fred
755,Frederick,Freddie
756,Frederick,Freddy
757,Frederick,Fritz
758,Fredericka,Freda
759,Fredericka,Freddy
760,Fredericka,Frieda
761,Fredericka,Ricka
762,Frederico,Fred
763,Frederico,Frederic
764,Fredric,Fred
765,Fredric,Frederic
766,Fredrick,Fred
767,Frieda,Fred
768,Frieda,Freddie
769,Frieda,Freddy
770,Gabby,Gabe
771,Gabriel,Gabby
772,Gabriel,Gabe
773,Gabriella,Ella
774,Gabriella,Gabby
775,Gabrielle,Ella
776,Gabrielle,Gabby
777,Garold,Gairold
778,Genevieve,Eve
779,Genevieve,Jean
780,Genevieve,Jenny
781,Geoff,Jeff
782,Geoffrey,Geof
783,Geoffrey,Geoff
784,Geoffrey,Jeff
785,Gerald,Gerry
786,Gerald,Jerry
787,Geraldine,Dina
788,Geraldine,Gerrie
789,Geraldine,Gerry
790,Geraldine,Jerry
791,Gerry,Jerry
792,Gert,Gertie
793,Gertrude,Gert
794,Gertrude,Gertie
795,Gertrude,Trudy
796,Gil,Gilbert
797,Gil,Gilberto
798,Gilbert,Bert
799,Gilbert,Gil
800,Gilbert,Wilber
801,Gilberto,Gil
802,Gilberto,Gilbert
803,Glad,Gladstone
804,Gladstone,Glad
805,Greg,Gregory
806,Gregory,Greg
807,Gum,Monty
808,Gus,Augustine
809,Gus,Gussie
810,Gwen,Wendy
811,Gwendolyn,Gwen
812,Gwendolyn,Wendy
813,Gwyn,Gwyneth
814,Gwyneth,Gwyn
815,Hannah,Anna
816,Hannah,Nan
817,Hannah,Nanny
818,Harold,Hal
819,Harold,Harry
820,Harriet,Hattie
821,Harrison,Harris
822,Heather,Heathet
823,Heathet,Heather
824,Helen,Ella
825,Helen,Ellen
826,Helen,Ellie
827,Helen,Lena
828,Helene,Ella
829,Helene,Ellen
830,Helene,Ellie
831,Helene,Lena
832,Heloise,Eloise
833,Heloise,Elouise
834,Heloise,Lois
835,Henrietta,Etta
836,Henrietta,Etty
837,Henrietta,Hank
838,Henrietta,Henriette
839,Henrietta,Nettie
840,Henrietta,Retta
841,Henriette,Henrietta
842,Henry,Hal
843,Henry,Hank
844,Henry,Harry
845,Hephsibah,Hipsie
846,Hepsibah,Hipsie
847,Herbert,Bert
848,Herbert,Herb
849,Hermione,Hermie
850,Hester,Esther
851,Hester,Hessy
852,Hester,Hetty
853,Hezekiah,Hez
854,Hezekiah,Hy
855,Hezekiah,Kiah
856,Hiram,Hy
857,Hopkins,Hop
858,Hopkins,Hopp
859,Horace,Horry
860,Hubert,Bert
861,Hubert,Hub
862,Hubert,Hugh
863,Ignatius,Iggy
864,Ignatius,Nace
865,Ignatius,Nate
866,Ignatius,Natius
867,Irene,Rena
868,Irving,Irv
869,Isaac,Ike
870,Isaac,Zeke
871,Isabel,Bell
872,Isabel,Bella
873,Isabel,Belle
874,Isabel,Ib
875,Isabel,Issy
876,Isabel,Nib
877,Isabel,Nibby
878,Isabel,Tibbie
879,Isabella,Bella
880,Isabella,Belle
881,Isabella,Ib
882,Isabella,Issy
883,Isabella,Nib
884,Isabella,Nibby
885,Isabella,Tibbie
886,Isabelle,Bella
887,Isabelle,Belle
888,Isabelle,Ib
889,Isabelle,Issy
890,Isabelle,Nib
891,Isabelle,Nibby
892,Isabelle,Tibbie
893,Isadora,Dora
894,Isadora,Issy
895,Isidore,Izzy
896,Jacob,Jaap
897,Jacob,Jake
898,Jacob,Jay
899,Jacobus,Jacob
900,James,Jame
901,James,Jamie
902,James,Jem
903,James,Jim
904,James,Jimmie
905,James,Jimmy
906,Jami,Jamison
907,Jamie,Ben
908,Jamison,Jami
909,Jan,Janet
910,Jan,Janis
911,Jane,Janie
912,Jane,Jean
913,Jane,Jennie
914,Jane,Jessie
915,Janet,Jan
916,Janet,Jane
917,Janet,Jannette
918,Janet,Jessie
919,Janice,Jan
920,Janis,Jan
921,Janne,Janet
922,Jannette,Janet
923,Jay,Jacob
924,Jaydee,Jay
925,Jean,Jane
926,Jean,Jea
927,Jean,Jean Marie
928,Jean,Jeanie
929,Jean,Jeannie
930,Jean Marie,Jean
931,Jeanette,Janet
932,Jeanette,Jean
933,Jeanette,Jeanie
934,Jeanette,Jeannette
935,Jeanette,Jessie
936,Jeanette,Nettie
937,Jeanie,Jean
938,Jeanne,Jane
939,Jeanne,Jeannie
940,Jeannette,Jeanette
941,Jeannette,Jeanie
942,Jedidiah,Jed
943,Jeff,Jefferey
944,Jeff,Jeffery
945,Jeff,Jefff
946,Jeff,Jeffrey
947,Jefferey,Jeff
948,Jefferson,Jeff
949,Jefferson,Sonny
950,Jeffery,Jeff
951,Jeffrey,Geoff
952,Jeffrey,Jef
953,Jeffrey,Jeff
954,Jeffrey,Jefff
955,Jeffrey,JJ
956,Jehiel,Hiel
957,Jemima,Mima
958,Jen,Jennifer
959,Jen,Jenny
960,Jeni,Jennifer
961,Jenifer,Jennifer
962,Jenn,Jennifer
963,Jennifer,Jen
964,Jennifer,Jeni
965,Jennifer,Jenifer
966,Jennifer,Jenn
967,Jennifer,Jennie
968,Jennifer,Jenny
969,Jenny,Jennifer
970,Jeremiah,Jereme
971,Jeremiah,Jerry
972,Jerry,Jereme
973,Jessica,Jessie
974,Jessie,Jess
975,Jil,Jill
976,Jill,Jil
977,Jim,James
978,Jim,Jimmie
979,Jim,Jimmy
980,Jimmy,James
981,Jimmy,Jim
982,JJ,Jeffrey
983,Jo,Jo Ann
984,Jo,Jo Anna
985,Jo,Jo Anne
986,Jo,Jolene
987,Jo,Josefina
988,Jo Ann,Jo
989,Jo Anna,Jo
990,Jo Anne,Jo
991,Joan,Jo
992,Joan,Joanie
993,Joan,Nonie
994,Joanie,Joan
995,Joann,Jo
996,Joann,Joanne
997,Joanna,Hannah
998,Joanna,Jo
999,Joanna,Joan
1000,Joanna,Jody
1001,Joanne,Jo
1002,Joanne,Joann
1003,Joannn,Joann
1004,Jody,Jo
1005,Joe,Joey
1006,Johanna,Jo
1007,Johannah,Hannah
1008,Johannah,Joan
1009,Johannah,Jody
1010,Johannah,Nonie
1011,John,Jack
1012,John,Jock
1013,John,Johnnie
1014,John,Johnny
1015,Johnnie,John
1016,Johnnie,Johnny
1017,Johnny,John
1018,Jolene,Jo
1019,Jon,John
1020,Jon,Jonathan
1021,Jon,Nathan
1022,Jonathan,John
1023,Jonathan,Jon
1024,Jonathan,Jonathon
1025,Jonathan,Nathan
1026,Jonathon,Jonathan
1027,Josef,Joe
1028,Josef,Joseph
1029,Josefina,Jo
1030,Joseph,Jody
1031,Joseph,Joe
1032,Joseph,Joesph
1033,Joseph,Joey
1034,Joseph,Jos
1035,Joseph,Josef
1036,Josephine,Fina
1037,Josephine,Jo
1038,Josephine,Jody
1039,Josephine,Joey
1040,Josephine,Josey
1041,Josephine,Josie
1042,Josey,Josie
1043,Joshua,Jos
1044,Joshua,Josh
1045,Josiah,Jos
1046,Josie,Josephine
1047,Josie,Josey
1048,Joyce,Joy
1049,Jozef,Jozefs
1050,Jozefs,Jozef
1051,Juanita,Nettie
1052,Juanita,Nita
1053,Judi,Judith
1054,Judi,Judy
1055,Judith,Judi
1056,Judith,Judy
1057,Judith Ann,Judith
1058,Judson,Jud
1059,Judson,Sonny
1060,Judy,Judith
1061,Julia,Jill
1062,Julia,Julie
1063,Julian,Jule
1064,Julias,Jule
1065,Julie,Jule
1066,Julie,Juli
1067,Julie,Julie Ann
1068,Julie,Juliet
1069,Juliet,Julie
1070,Junior,JR
1071,Junior,June
1072,Junior,Junie
1073,Karen,Kar
1074,Kasey,K.C.
1075,Kat,Katherine
1076,Kat,Kathryn
1077,Kate,Kay
1078,Katelin,Kate
1079,Katelin,Kay
1080,Katelin,Kaye
1081,Katelyn,Kate
1082,Katelyn,Kay
1083,Katelyn,Kaye
1084,Katharine,Katherine
1085,Katharine,Kathy
1086,Katherin,Katherine
1087,Katherine,Cassie
1088,Katherine,Cathy
1089,Katherine,Kate
1090,Katherine,Katharine
1091,Katherine,Kathy
1092,Katherine,Katy
1093,Katherine,Kay
1094,Katherine,Kaye
1095,Katherine,Kit
1096,Katherine,Kittie
1097,Katherine,Kitty
1098,Katherine,Lena
1099,Katherine,Trina
1100,Kathleeen,Kathleen
1101,Kathleen,Cassie
1102,Kathleen,Cathy
1103,Kathleen,Kathlee
1104,Kathleen,Kathy
1105,Kathleen,Katy
1106,Kathleen,Kay
1107,Kathleen,Kit
1108,Kathleen,Kittie
1109,Kathleen,Lena
1110,Kathleen,Trina
1111,Kathryn,Kat
1112,Kathryn,Kathy
1113,Kathryn,Kitty
1114,Kathy,Kathleen
1115,Kathy,Kathryn
1116,Katy,Kathy
1117,Kellly,Kelly
1118,Kelly,Kellly
1119,Ken,Kenneth
1120,Kendall,Ken
1121,Kendall,Kenny
1122,Kendrick,Ken
1123,Kendrick,Kenny
1124,Kennet,Kenneth
1125,Kenneth,Ken
1126,Kenneth,Kendrick
1127,Kenneth,Kennet
1128,Kenneth,Kenny
1129,Kennith,Ken
1130,Kenny,Ken
1131,Kent,Ken
1132,Kent,Kendrick
1133,Kent,Kenny
1134,Keziah,Kizza
1135,Keziah,Kizzie
1136,Kimberley,Kim
1137,Kimberly,Kim
1138,Kingsley,King
1139,Kingston,King
1140,Kirstin,Kristine
1141,Kit,Kittie
1142,Kitty,Katherine
1143,Kori,Korinne
1144,Korinne,Kori
1145,Kris,Chris
1146,Kris,Kristen
1147,Kris,Kristin
1148,Kristen,Chris
1149,Kristen,Kirstin
1150,Kristen,Kris
1151,Kristen,Kristin
1152,Kristi,Kristina
1153,Kristin,Chris
1154,Kristin,Kris
1155,Kristin,Kristen
1156,Kristina,Kristi
1157,Kristine,Chris
1158,Kristine,Christy
1159,Kristine,Crissy
1160,Kristine,Kris
1161,Kristine,Kristy
1162,Kristine,Tina
1163,Kristy,Chris
1164,Lafayette,Fate
1165,Lafayette,Laffie
1166,Lamont,Monty
1167,Larry,Laurence
1168,Larry,Lawrence
1169,Laurence,Larry
1170,Laurence,Lon
1171,Laurence,Lonny
1172,Laurence,Lorne
1173,Laurence,Lorry
1174,Lavina,Ina
1175,Lavina,Vina
1176,Lavina,Viney
1177,Lavinia,Ina
1178,Lavinia,Vina
1179,Lavinia,Viney
1180,Lawrence,Larry
1181,Lawrence,Lawence
1182,Lawrence,Lon
1183,Lawrence,Lonny
1184,Lawrence,Lorne
1185,Lawrence,Lorry
1186,Leann,Leanne
1187,Leanne,Leann
1188,Leeann,Leann
1189,Leeann,Leanne
1190,Lemuel,Lem
1191,Lena,Ellen
1192,Lenora,Lee
1193,Lenora,Nora
1194,Leo,Leon
1195,Leo,Leonard
1196,Leo,Leonardo
1197,Leonard,Len
1198,Leonard,Lenny
1199,Leonard,Leo
1200,Leonard,Leon
1201,Leonard,Leonardo
1202,Leonard,Lineau
1203,LeRoy,L.R.
1204,LeRoy,Lee
1205,LeRoy,Roy
1206,Leslie,Les
1207,Lester,Les
1208,Letitia,Lettice
1209,Letitia,Lettie
1210,Letitia,Tish
1211,Letitia,Titia
1212,Levi,Lee
1213,Lib,Libby
1214,Lidia,Lyddy
1215,Lil,Lilly
1216,Lil,Lily
1217,Lill,Lillian
1218,Lillah,Lil
1219,Lillah,Lilly
1220,Lillah,Lily
1221,Lillah,Lolly
1222,Lillian,Lil
1223,Lillian,Lili
1224,Lillian,Lill
1225,Lillian,Lilly
1226,Lillian,Lolly
1227,Lilly,Lily
1228,Lin,Linda
1229,Lincoln,Link
1230,Linda,Lin
1231,Linda,Lind
1232,Linda,Linds
1233,Linda,Lindy
1234,Linda,Lynn
1235,Linds,Linda
1236,Lindy,Lynn
1237,Lindy,Melinda
1238,Lisa,Alice
1239,Lisa,Liz
1240,Lisa,Lizzie
1241,Lisa,Melissa
1242,Lise,Elizabeth
1243,Lise,Liz
1244,Lissie,Elizabeth
1245,Liz,Louise
1246,Lizzie,Liz
1247,Lois,Lou
1248,Lois,Louise
1249,Lola,Lola Jean
1250,Lola Jean,Lola
1251,Lon,Lonzo
1252,Lorenzo,Loren
1253,Loretta,Etta
1254,Loretta,Lorettra
1255,Loretta,Lorrie
1256,Loretta,Retta
1257,Lori,Lorie
1258,Lorie,Lori
1259,Lorrain,Lorraine
1260,Lorraine,Lorrain
1261,Lorraine,Lorrie
1262,Lotta,Lottie
1263,Lou,Lou Ann
1264,Lou,Louie
1265,Lou,Louis
1266,Lou,Lu
1267,Lou Ann,Lou
1268,Louie,Lou
1269,Louie,Louis
1270,Louis,Lou
1271,Louis,Louie
1272,Louisa,Eliza
1273,Louisa,Lois
1274,Louisa,Lou
1275,Louise,Eliza
1276,Louise,Liz
1277,Louise,Lois
1278,Louise,Lou
1279,Lucas,Luke
1280,Lucias,Luke
1281,Lucille,Cille
1282,Lucille,Lou
1283,Lucille,Lu
1284,Lucille,Lucy
1285,Lucinda,Cindy
1286,Lucinda,Lou
1287,Lucinda,Lu
1288,Lucinda,Lucy
1289,Luella,Ella
1290,Luella,Lu
1291,Luella,Lula
1292,Luther,Luke
1293,Lydia,Lyddy
1294,Lyndon,Lindy
1295,Lyndon,Lynn
1296,Maddy,Madge
1297,Madeleine,Madelein
1298,Madeline,Lena
1299,Madeline,Maddy
1300,Madeline,Madge
1301,Madeline,Magda
1302,Madeline,Maggie
1303,Magdelina,Lena
1304,Magdelina,Madge
1305,Magdelina,Magda
1306,Mahala,Hallie
1307,Manda,Mandy
1308,Manny,Manuel
1309,Mar,Marjan
1310,Marci,Marcia
1311,Marci,Marcie
1312,Marci,Marcy
1313,Marcia,Marci
1314,Marcia,Marcy
1315,Marcie,Marci
1316,Marcus,Mark
1317,Marcy,Marci
1318,Marcy,Marcia
1319,Margaret,Daisy
1320,Margaret,Gretta
1321,Margaret,Madge
1322,Margaret,Maggie
1323,Margaret,Maggy
1324,Margaret,Margarett
1325,Margaret,Marge
1326,Margaret,Margery
1327,Margaret,Margie
1328,Margaret,Margy
1329,Margaret,Meg
1330,Margaret,Midge
1331,Margaret,Peg
1332,Margaret,Peggy
1333,Margaret,Rita
1334,Margarett,Margaret
1335,Margaretta,Daisy
1336,Margaretta,Gretta
1337,Margaretta,Madge
1338,Margaretta,Maggie
1339,Margaretta,Marge
1340,Margaretta,Margery
1341,Margaretta,Margie
1342,Margaretta,Meg
1343,Margaretta,Midge
1344,Margaretta,Peg
1345,Margaretta,Peggy
1346,Margaretta,Rita
1347,Marge,Margery
1348,Margie,Margaret
1349,Margie,Margie
1350,Mari,Mariel
1351,Mari,Marisa
1352,Mariann,Marian
1353,Marianne,Marian
1354,Marianne,Mary Ann
1355,Marianne,Mary Anne
1356,Mariel,Mari
1357,Marisa,Mari
1358,Marisa,Marissa
1359,Marissa,Marisa
1360,Marjan,Mar
1361,Marjorie,Margie
1362,Marjorie,Margy
1363,Marlynn,Maryln
1364,Martha,Marty
1365,Martha,Mat
1366,Martha,Mattie
1367,Martha,Patsy
1368,Martha,Patty
1369,Martin,Marty
1370,Martina,Tina
1371,Martinus,Martin
1372,Marvin,Marv
1373,Mary,Mae
1374,Mary,Mamie
1375,Mary,Mary Ann
1376,Mary,Mary Anne
1377,Mary,Mary Beth
1378,Mary,Mary Ellen
1379,Mary,Mary Fran
1380,Mary,Mary Jane
1381,Mary,Mary Jo
1382,Mary,Mary Kay
1383,Mary,Mary Lou
1384,Mary,Mary Pat
1385,Mary,Maryann
1386,Mary,Mitzi
1387,Mary,Molly
1388,Mary,Polly
1389,Mary Ann,Mary
1390,Mary Ann,Mary Anne
1391,Mary Anne,Mary
1392,Mary Anne,Mary Ann
1393,Mary Beth,Mary
1394,Mary Beth,Mary Beth
1395,Mary Elen,Mary Ellen
1396,Mary Ellen,Mary
1397,Mary Ellen,Mary Elen
1398,Mary Fran,Mary
1399,Mary Jane,Mary
1400,Mary Jo,Mary
1401,Mary Kay,Mary
1402,Mary Lou,Mary
1403,Mary Lou,Mary Louise
1404,Mary Pat,Mary
1405,Maryann,Marianne
1406,Maryann,Mary
1407,Maryann,Mary Ann
1408,Maryann,Maryanne
1409,Maryln,Marlynn
1410,Marylyn,Mary
1411,Masu,Masarath
1412,Mat,Mattie
1413,Matilda,Matty
1414,Matilda,Maud
1415,Matilda,Tilly
1416,Matthew,Matt
1417,Matthew,Mattie
1418,Matthew,Matty
1419,Matthew,Thias
1420,Matthew,Thys
1421,Matthias,Matt
1422,Matthias,Thias
1423,Matthias,Thys
1424,Maurice,Morey
1425,May,Maybelle
1426,Maybelle,May
1427,Mayda,Maydda
1428,Mehitabel,Hetty
1429,Mehitabel,Hitty
1430,Mehitabel,Mabel
1431,Mehitabel,Mitty
1432,Melinda,Linda
1433,Melinda,Lindy
1434,Melinda,Lynn
1435,Melinda,Mel
1436,Melinda,Mindy
1437,Melissa,Lisa
1438,Melissa,Lissa
1439,Melissa,Mel
1440,Melissa,Milly
1441,Melissa,Missy
1442,Mervyn,Merv
1443,Micelle,Michelle
1444,Michael,Micah
1445,Michael,Michel
1446,Michael,Mick
1447,Michael,Micky
1448,Michael,Mike
1449,Micheke,Michele
1450,Michele,Micheke
1451,Michele,Michelle
1452,Michelle,Micelle
1453,Michelle,Michele
1454,Michelle,Mickey
1455,Mick,Micky
1456,Mike,Mick
1457,Mike,Micky
1458,Mildred,Milly
1459,Millicent,Milly
1460,Millicent,Missy
1461,Minerva,Minnie
1462,Miranda,Mandy
1463,Miranda,Mira
1464,Miranda,Randy
1465,Miriam,Mimi
1466,Miriam,Mitzi
1467,Mitch,Mitchell
1468,Mitchell,Mitch
1469,Mitchelll,Mitch
1470,Mitchelll,Mitchell
1471,Mo,Morgan
1472,Montgomery,Gum
1473,Montgomery,Monty
1474,Morgan,Mo
1475,Morris,Morey
1476,Nan,Nancy
1477,Nanci,Nancy
1478,Nancy,Ann
1479,Nancy,Nan
1480,Nancy,Nanci
1481,Nancy,Nanny
1482,Napoleon,Leon
1483,Napoleon,Nap
1484,Napoleon,Nappy
1485,Naren,Narendra
1486,Narendra,Naren
1487,Natalie,Natty
1488,Natalie,Nettie
1489,Nathan,Nat
1490,Nathan,Nate
1491,Nathaniel,Nat
1492,Nathaniel,Nate
1493,Nathaniel,Nathan
1494,Nathaniel,Natty
1495,Nathaniel,Than
1496,Nelle,Nelly
1497,Nicholas,Claas
1498,Nicholas,Claes
1499,Nicholas,Nick
1500,Nick,Nik
1501,Niicholas,Nicholas
1502,Nik,Nick
1503,Nik,Nikunj
1504,Nikk,Nikki
1505,Nikki,Nikk
1506,Nikunj,Nik
1507,Norbert,Bert
1508,Norbert,Norby
1509,Norm,Norman
1510,Norman,Norm
1511,Obadiah,Diah
1512,Obadiah,Dyer
1513,Obadiah,Obed
1514,Obadiah,Obie
1515,Olive,Livia
1516,Olive,Nollie
1517,Olive,Ollie
1518,Oliver,Ollie
1519,Olivia,Livia
1520,Olivia,Nollie
1521,Olivia,Ollie
1522,Ossy,Ozzy
1523,Oswald,Ossy
1524,Oswald,Ozzy
1525,Oswald,Waldo
1526,Pamela,Pam
1527,Pamela,Pamel
1528,Parmelia,Amelia
1529,Parmelia,Melia
1530,Parmelia,Milly
1531,Pat,Pat
1532,Patience,Pat
1533,Patience,Patty
1534,Patrice,Patti
1535,Patrich,Pat
1536,Patrich,Patrick
1537,Patricia,Pat
1538,Patricia,Patrica
1539,Patricia,Patsy
1540,Patricia,Patty
1541,Patricia,Tricia
1542,Patrick,Paddy
1543,Patrick,Pat
1544,Patrick,Pate
1545,Patrick,Patrich
1546,Patrick,Patsy
1547,Patrick,Peter
1548,Patsy,Patty
1549,Patti,Patrice
1550,Patti,Patricia
1551,Patty,Patricia
1552,Paula,Lina
1553,Paula,Polly
1554,Paulina,Lina
1555,Paulina,Polly
1556,Peg,Peggy
1557,Peggy,Margaret
1558,Pelegrine,Perry
1559,Penelope,Penny
1560,Percival,Percy
1561,Pete,Peter
1562,Peter,Pate
1563,Peter,Pete
1564,Peter,Petey
1565,Phil,Phillip
1566,Philetus,Leet
1567,Philetus,Phil
1568,Philinda,Linda
1569,Philinda,Lindy
1570,Philinda,Lynn
1571,Philip,Phil
1572,Philip,Phillip
1573,Phillip,Phil
1574,Phillip,Philip
1575,Philly,Delphia
1576,Prescott,Pres
1577,Prescott,Scott
1578,Prescott,Scotty
1579,Priscilla,Cilla
1580,Priscilla,Cissy
1581,Priscilla,Prissy
1582,Prudence,Prudy
1583,Prudence,Prue
1584,Rachel,Shelly
1585,Rafaela,Rafa
1586,Raj,Rajesh
1587,Rajeev,Raj
1588,Rajesh,Raj
1589,Randal,Randall
1590,Randall,Randal
1591,Randolph,Dolph
1592,Randolph,Randy
1593,Raphael,Ralph
1594,Ravin,Ravindran
1595,Ravindran,Ravin
1596,Ray,Raymond
1597,Raymond,Ray
1598,Reba,Becca
1599,Reba,Beck
1600,Rebecca,Becca
1601,Rebecca,Beck
1602,Rebecca,Becky
1603,Rebecca,Reba
1604,Reg,Reggie
1605,Regina,Gina
1606,Regina,Reggie
1607,Reginald,Naldo
1608,Reginald,Reg
1609,Reginald,Reggie
1610,Reginald,Renny
1611,Relief,Leafa
1612,Renn,Rennett
1613,Rennett,Renn
1614,Reuben,Rube
1615,Rey,Reynaldo
1616,Reynaldo,Rey
1617,Ric,Richard
1618,Ricardo,Rick
1619,Ricardo,Ricky
1620,Rich,Dick
1621,Rich,Riche
1622,Rich,Rick
1623,Richarad,Richard
1624,Richard,Dick
1625,Richard,Dickie
1626,Richard,Dickon
1627,Richard,Dicky
1628,Richard,Ric
1629,Richard,Rich
1630,Richard,Richarad
1631,Richard,Richrd
1632,Richard,Rick
1633,Richard,Ricky
1634,Richard,Riichard
1635,Richrd,Richard
1636,Rick,Derrick
1637,Rick,Ric
1638,Rick,Richard
1639,Rick,Ricky
1640,Ricky,Dick
1641,Ricky,Rich
1642,Ricky,Richard
1643,Riichard,Richard
1644,Rob,Robbie
1645,Rob,Robert
1646,Robbie,Rob
1647,Robert,Bob
1648,Robert,Bobby
1649,Robert,Dob
1650,Robert,Dobbin
1651,Robert,Hob
1652,Robert,Hobkin
1653,Robert,Rob
1654,Robert,Robbie
1655,Robert,Robet
1656,Robert,Robin
1657,Roberta,Bert
1658,Roberta,Bertie
1659,Roberta,Birdie
1660,Roberta,Bobbie
1661,Roberta,Robbie
1662,Robet,Robert
1663,Robin,Robert
1664,Rodger,Bobby
1665,Rodger,Hodge
1666,Rodger,Robby
1667,Rodger,Robin
1668,Rodger,Rod
1669,Rodger,Roge
1670,Rodger,Rupert
1671,Rodnick,Rod
1672,Roger,Bobby
1673,Roger,Hodge
1674,Roger,Robby
1675,Roger,Robin
1676,Roger,Rod
1677,Roger,Roge
1678,Roger,Roget
1679,Roger,Rupert
1680,Roget,Roger
1681,Roland,Lanny
1682,Roland,Orlando
1683,Roland,Rollo
1684,Roland,Rolly
1685,Ron,Ron
1686,Ron,Ronnie
1687,Ron,Ronny
1688,Ronald,Naldo
1689,Ronald,Ron
1690,Ronald,Ronnie
1691,Ronald,Ronny
1692,Ronny,Ronald
1693,Ros,Rosalyn
1694,Rosa,Rose
1695,Rosabel,Belle
1696,Rosabel,Rosa
1697,Rosabel,Rose
1698,Rosabel,Roz
1699,Rosabella,Belle
1700,Rosabella,Rosa
1701,Rosabella,Rose
1702,Rosabella,Roz
1703,Rosalind,Rosaling
1704,Rosalinda,Linda
1705,Rosalinda,Rosa
1706,Rosalinda,Rose
1707,Rosalinda,Roz
1708,Rosalyn,Linda
1709,Rosalyn,Ros
1710,Rosalyn,Rosa
1711,Rosalyn,Rose
1712,Rosalyn,Roz
1713,Rose,Roselia
1714,Rose,Rosemary
1715,Rose,Rosie
1716,Roseann,Ann
1717,Roseann,Rose
1718,Roseann,Rosie
1719,Roseann,Roz
1720,Roseanna,Ann
1721,Roseanna,Rose
1722,Roseanna,Rosie
1723,Roseanna,Roz
1724,Roseanne,Ann
1725,Roselia,Rose
1726,Rosemary,Rose
1727,Rosemary,Rosie
1728,Rosie,Rose
1729,Rosie,Rosemary
1730,Roxanna,Ann
1731,Roxanna,Rose
1732,Roxanna,Roxie
1733,Roxanne,Ann
1734,Roxanne,Rose
1735,Roxanne,Roxie
1736,Rudolph,Dolph
1737,Rudolph,Olph
1738,Rudolph,Rolf
1739,Rudolph,Rudy
1740,Rudolphus,Dolph
1741,Rudolphus,Olph
1742,Rudolphus,Rolf
1743,Rudolphus,Rudy
1744,Russ,Russel
1745,Russ,Russell
1746,Russ,Rusty
1747,Russel,Russ
1748,Russel,Rusty
1749,Russell,Russ
1750,Russell,Rusty
1751,Rusty,Russel
1752,Sabina,Sabine
1753,Sabine,Sabina
1754,Sabrina,Brina
1755,Sach,Sachdev
1756,Sachdev,Sach
1757,Sachin,Sach
1758,Sally,Sallly
1759,Sam,Samir
1760,Sam,Sammy
1761,Sam,Samuel
1762,Samir,Sam
1763,Sammy,Samuel
1764,Samuel,Sam
1765,Samuel,Sammy
1766,Sandra,Cassandra
1767,Sandra,Sandy
1768,Sara,Sara Lee
1769,Sara Lee,Sara
1770,Sarah,Sadie
1771,Sarah,Sally
1772,Serena,Rena
1773,Seymour,Morey
1774,Seymour,See
1775,Shari,Sharalyn
1776,Shari,Sharilyn
1777,Shari,Sharon
1778,Sharon,Shari
1779,Sharon,Sharo
1780,Shelton,Shel
1781,Shelton,Shelly
1782,Shelton,Tony
1783,Sheridan,Dan
1784,Sheridan,Danny
1785,Sheridan,Sher
1786,Sherrie,Sheryl
1787,sheryl,sher
1788,Sheryl,Sherrie
1789,Shirley,Sherry
1790,Shirley,Shirl
1791,Sidney,Sid
1792,Sidney,Syd
1793,Sig,Sigfried
1794,Sig,Sigmund
1795,Sigfried,Sig
1796,Sigmund,Sig
1797,Silas,Si
1798,Simeon,Si
1799,Simeon,Sion
1800,Simon,Si
1801,Simon,Sion
1802,Smith,Smitty
1803,Solomon,Sal
1804,Solomon,Salmon
1805,Solomon,Saul
1806,Solomon,Sol
1807,Solomon,Solly
1808,Solomon,Zolly
1809,Sophia,Sophie
1810,Stan,Stannous
1811,Stanley,Stan
1812,Stanley,Stanly
1813,Stanly,Stanley
1814,Stannous,Stan
1815,Stef,Stefan
1816,Stef,Stefanie
1817,Stefan,Stef
1818,Stefanie,Stef
1819,Stefanie,Stephanie
1820,Steph,Stephanie
1821,Stephan,Steve
1822,Stephanie,Stefanie
1823,Stephanie,Steph
1824,Stephen,Steph
1825,Stephen,Steve
1826,Stephen,Steven
1827,Steven,Steph
1828,Steven,Stephen
1829,Steven,Steve
1830,Steven,Stevens
1831,Stevens,Steve
1832,Stevens,Steven
1833,Stuart,Stu
1834,Submit,Mitty
1835,Sue,Sue Ann
1836,Sue,Sue Anne
1837,Sue,Sue Ellen
1838,Sue,Susan
1839,Sue,Susie
1840,Sue Ann,Sue
1841,Sue Anne,Sue
1842,Sue Ellen,Sue
1843,Sullivan,Sully
1844,Sullivan,Van
1845,Susan,Hannah
1846,Susan,Sue
1847,Susan,Sukey
1848,Susan,Susanna
1849,Susan,Susie
1850,Susan,Suzie
1851,Susana,Susanna
1852,Susanna,Susan
1853,Susanna,Susana
1854,Susannah,Hannah
1855,Susannah,Sue
1856,Susannah,Sukey
1857,Susannah,Susie
1858,Susie,Suzie
1859,Suzann,Suzanne
1860,Suzanne,Susan
1861,Suzanne,Susie
1862,Suzanne,Suzann
1863,Syd,Sydney
1864,Sydney,Syd
1865,Sylvester,Si
1866,Sylvester,Sly
1867,Sylvester,Sy
1868,Sylvester,Syl
1869,Sylvester,Vessie
1870,Sylvester,Vester
1871,Sylvester,Vet
1872,Tabitha,Tabby
1873,Ted,Teddy
1874,Ted,Theodore
1875,Teddy,Theodore
1876,Teodor,Teodore
1877,Teodore,Ted
1878,Teodore,Teddy
1879,Teodore,Teodor
1880,Teodore,Theodore
1881,Terence,Terrence
1882,Terence,Terry
1883,Teresa,Teresas
1884,Teresa,Terry
1885,Teresa,Tess
1886,Teresas,Teresa
1887,Teress,Teresa
1888,Terrence,Terence
1889,Terrence,Terry
1890,Terry,Terrence
1891,Thaddeus,Thad
1892,Theo,Theodore
1893,Theo,Theophilus
1894,Theodore,Ted
1895,Theodore,Teddy
1896,Theodore,Teodore
1897,Theodore,Theo
1898,Theophilus,Theo
1899,Theresa,Terry
1900,Theresa,Tess
1901,Theresa,Tessa
1902,Theresa,Tessie
1903,Theresa,Thirza
1904,Theresa,Thursa
1905,Theresa,Tracy
1906,Thom,Thomas
1907,Thom,Tom
1908,Thom,Tommy
1909,Thomas,Thom
1910,Thomas,Tom
1911,Thomas,Tomas
1912,Thomas,Tommy
1913,Tim,Timmy
1914,Tim,Timothy
1915,Timmy,Tim
1916,Timmy,Timothy
1917,Timothy,Tim
1918,Timothy,Timmy
1919,Tina,Christina
1920,Tobias,Bias
1921,Tobias,Toby
1922,Tom,Thom
1923,Tom,Thomas
1924,Tom,Tomas
1925,Tom,Tommy
1926,Tomas,Thomas
1927,Tomas,Tom
1928,Tommy,Thomas
1929,Tommy,Tom
1930,Trix,Trixie
1931,Tryphena,Phena
1932,Uriah,Riah
1933,Val,Valeri
1934,Val,Valerie
1935,Valentine,Felty
1936,Valeri,Val
1937,Valerie,Val
1938,Vanessa,Essa
1939,Vanessa,Nessa
1940,Vanessa,Vanna
1941,Vernon,Vern
1942,Veronica,Franky
1943,Veronica,Frony
1944,Veronica,Ron
1945,Veronica,Ronie
1946,Veronica,Ronna
1947,Veronica,Ronnie
1948,Veronica,Vonnie
1949,Vic,Vicki
1950,Vic,Vicky
1951,Vicki,Vicky
1952,Victor,Vic
1953,Victoria,Torie
1954,Victoria,Tory
1955,Victoria,Vic
1956,Victoria,Vicki
1957,Victoria,Vicky
1958,Vin,Vinny
1959,Vince,Vinnie
1960,Vincent,Vic
1961,Vincent,Vin
1962,Vincent,Vince
1963,Vincent,Vinnie
1964,Vincent,Vinny
1965,Vincenzo,Vic
1966,Vincenzo,Vin
1967,Vincenzo,Vinnie
1968,Vincenzo,Vinny
1969,Vinson,Vinny
1970,Virginia,Ginger
1971,Virginia,Ginny
1972,Virginia,Jane
1973,Virginia,Jennie
1974,Virginia,Virgy
1975,Waldo,Ossy
1976,Waldo,Ozzy
1977,Wallace,Wally
1978,Wally,Walt
1979,Walt,Walter
1980,Walter,Wally
1981,Walter,Walt
1982,Washington,Wash
1983,Wayne,Waynett
1984,Waynett,Wayne
1985,Wilber,Bert
1986,Wilber,Will
1987,Wilbur,Willie
1988,Wilbur,Willy
1989,Wilfred,Fred
1990,Wilfred,Will
1991,Wilfred,Willie
1992,Wilhelmina,Mina
1993,Wilhelmina,Minnie
1994,Wilhelmina,Willie
1995,Wilhelmina,Wilma
1996,Wiliam,William
1997,Will,Bill
1998,Will,Fred
1999,Will,Willard
2000,Will,William
2001,Will,Willie
2002,Willard,Will
2003,William,Bela
2004,William,Bell
2005,William,Bill
2006,William,Billy
2007,William,Wiliam
2008,William,Will
2009,William,Williams
2010,William,Willie
2011,William,Willy
2012,Williams,William
2013,Willie,Fred
2014,Willie,Willlie
2015,Willliam,Bill
2016,Willliam,William
2017,Willlie,Willie
2018,Wilson,Will
2019,Wilson,Willie
2020,Wilson,Willy
2021,Winfield,Field
2022,Winfield,Win
2023,Winfield,Winny
2024,Winifred,Freddie
2025,Winifred,Winnet
2026,Winifred,Winnie
2027,Winnifred,Fred
2028,Winnifred,Freddie
2029,Winnifred,Freddy
2030,Winnifred,Winnie
2031,Winnifred,Winny
2032,Woodrow,Drew
2033,Woodrow,Wood
2034,Woodrow,Woody
2035,Yohanne,Yohannes
2036,Yohannes,Yohanne
2037,Yvonne,Vonna
2038,Zach,Zachary
2039,Zach,Zack
2040,Zachariah,Zach
2041,Zachariah,Zachy
2042,Zachariah,Zeke
2043,Zachary,Zach
2044,Zack,Zak
2045,Zackary,Zack
2046,Zackary,Zak
2047,Zak,Zack
2048,Zak,Zakery
2049,Zakery,Zak
2050,Zebedee,Zeb
2051,Zedediah,Diah
2052,Zedediah,Dyer
2053,Zedediah,Zed
2054,Zephaniah,Zeph